Species;Family;Origin;Inv.Status
Abies_alba;Pinaceae;Native;
Abies_concolor;Pinaceae;Alien;Non-Established
Abies_koreana;Pinaceae;Alien;Non-Established
Abies_nordmanniana;Pinaceae;Alien;Non-Established
Abies_pinsapo;Pinaceae;Native;
Abies_procera;Pinaceae;Alien;Non-Established
Acacia_dealbata;Fabaceae;Alien;Invasive
Acer_buergerianum;Sapindaceae;Alien;Non-Established
Acer_campestre;Sapindaceae;Alien;Naturalised
Acer_cappadocicum;Sapindaceae;Alien;Non-Established
Acer_griseum;Sapindaceae;Alien;Non-Established
Acer_japonicum;Sapindaceae;Alien;Non-Established
Acer_monspessulanum;Sapindaceae;Native;
Acer_negundo;Sapindaceae;Alien;Invasive
Acer_palmatum;Sapindaceae;Alien;Non-Established
Acer_platanoides;Sapindaceae;Alien;Naturalised
Acer_pseudoplatanus;Sapindaceae;Alien;Naturalised
Acer_rubrum;Sapindaceae;Alien;Non-Established
Acer_saccharinum;Sapindaceae;Alien;Non-Established
Acer_tataricum;Sapindaceae;Alien;Non-Established
Aesculus_flava;Sapindaceae;Alien;Non-Established
Aesculus_hippocastanum;Sapindaceae;Alien;Naturalised
Aesculus_indica;Sapindaceae;Alien;Non-Established
Ageratina_ligustrina;Asteraceae;Alien;Non-Established
Ailanthus_altissima;Simaroubaceae;Alien;Invasive
Albizia_julibrissin;Fabaceae;Alien;Non-Established
Alnus_cordata;Betulaceae;Alien;Naturalised
Alnus_glutinosa;Betulaceae;Native;
Alnus_incana;Betulaceae;Alien;Non-Established
Aloysia_citriodora;Verbenaceae;Alien;Naturalised
Amelanchier_ovalis;Rosaceae;Native;Non-Established
Amomyrtus_luma;Myrtaceae;Alien;Non-Established
Amphilophium_laxiflorum;Bignoniaceae;Alien;Non-Established
Anagyris_foetida;Fabaceae;Native;
Araucaria_angustifolia;Araucariaceae;Alien;Non-Established
Araucaria_araucana;Araucariaceae;Alien;Non-Established
Araucaria_bidwillii;Araucariaceae;Alien;Non-Established
Araucaria_cunninghamii;Araucariaceae;Alien;Non-Established
Araucaria_heterophylla;Araucariaceae;Alien;Non-Established
Araujia_sericifera;Apocynaceae;Alien;Invasive
Arbutus_unedo;Ericaceae;Native;
Archontophoenix_alexandrae;Arecaceae;Alien;Non-Established
Archontophoenix_cunninghamiana;Arecaceae;Alien;Non-Established
Arenga_engleri;Arecaceae;Alien;Non-Established
Aria_edulis;Rosaceae;Native;
Atriplex_halimus;Amaranthaceae;Native;
Aucuba_japonica;Garryaceae;Alien;Non-Established
Bauhinia_forficata;Fabaceae;Alien;Non-Established
Bauhinia_variegata;Fabaceae;Alien;Non-Established
Berberis_candidula;Berberidaceae;Alien;Non-Established
Berberis_julianae;Berberidaceae;Alien;Non-Established
Berberis_thunbergii;Berberidaceae;Alien;Non-Established
Berberis_vulgaris;Berberidaceae;Alien;Naturalised
Berberis_wilsoniae;Berberidaceae;Alien;Non-Established
Bergenia_crassifolia;Saxifragaceae;Alien;Non-Established
Betula_nigra;Betulaceae;Alien;Naturalised
Betula_papyrifera;Betulaceae;Alien;Non-Established
Betula_pendula;Betulaceae;Alien;Non-Established
Betula_pubescens;Betulaceae;Native;
Betula_utilis;Betulaceae;Alien;Non-Established
Bismarckia_nobilis;Arecaceae;Alien;Non-Established
Bougainvillea_glabra;Nyctaginaceae;Alien;Naturalised
Bougainvillea_spectabilis;Nyctaginaceae;Alien;Non-Established
Brachychiton_acerifolius;Malvaceae;Alien;Non-Established
Brachychiton_populneus;Malvaceae;Alien;Naturalised
Brahea_armata;Arecaceae;Alien;Non-Established
Brahea_edulis;Arecaceae;Alien;Non-Established
Broussonetia_papyrifera;Moraceae;Alien;Naturalised
Brugmansia_arborea;Solanaceae;Alien;Non-Established
Brugmansia_suaveolens;Solanaceae;Alien;Naturalised
Buddleja_davidii;Scrophulariaceae;Alien;Invasive
Buddleja_globosa;Scrophulariaceae;Alien;Non-Established
Buddleja_madagascariensis;Scrophulariaceae;Alien;Non-Established
Butia_capitata;Arecaceae;Alien;Non-Established
Butia_yatay;Arecaceae;Alien;Non-Established
Buxus_balearica;Buxaceae;Native;
Buxus_microphylla;Buxaceae;Alien;Non-Established
Buxus_sempervirens;Buxaceae;Native;
Callianthe_picta;Malvaceae;Alien;Non-Established
Callianthe_striata;Malvaceae;Alien;Non-Established
Callitropsis_nootkatensis;Cupressaceae;Alien;Non-Established
Calocedrus_decurrens;Cupressaceae;Alien;Naturalised
Camellia_japonica;Theaceae;Alien;Non-Established
Campsis_radicans;Bignoniaceae;Alien;Naturalised
Carissa_macrocarpa;Apocynaceae;Alien;Non-Established
Carpinus_betulus;Betulaceae;Alien;Naturalised
Carya_illinoinensis;Juglandaceae;Alien;Non-Established
Carya_laciniosa;Juglandaceae;Alien;Non-Established
Caryota_urens;Arecaceae;Alien;Non-Established
Casimiroa_edulis;Rutaceae;Alien;Non-Established
Castanea_dentata;Fagaceae;Alien;Non-Established
Castanea_sativa;Fagaceae;Alien;Naturalised
Casuarina_cunninghamiana;Casuarinaceae;Alien;Naturalised
Casuarina_equisetifolia;Casuarinaceae;Alien;Naturalised
Catalpa_bignonioides;Bignoniaceae;Alien;Naturalised
Catalpa_bungei;Bignoniaceae;Alien;Non-Established
Catharanthus_roseus;Apocynaceae;Alien;Non-Established
Cedrus_atlantica;Pinaceae;Alien;Naturalised
Cedrus_deodara;Pinaceae;Alien;Naturalised
Cedrus_libani;Pinaceae;Alien;Naturalised
Ceiba_speciosa;Malvaceae;Alien;Non-Established
Celtis_australis;Cannabaceae;Alien;Naturalised
Celtis_occidentalis;Cannabaceae;Alien;Non-Established
Cephalotaxus_fortunei;Taxaceae;Alien;Non-Established
Cephalotaxus_harringtonii;Taxaceae;Alien;Non-Established
Ceratonia_siliqua;Fabaceae;Native;
Ceratostigma_willmottianum;Plumbaginaceae;Alien;Non-Established
Cercis_siliquastrum;Fabaceae;Alien;Naturalised
Cestrum_aurantiacum;Solanaceae;Alien;Non-Established
Cestrum_elegans;Solanaceae;Alien;Non-Established
Cestrum_nocturnum;Solanaceae;Alien;Naturalised
Cestrum_parqui;Solanaceae;Alien;Naturalised
Chaenomeles_japonica;Rosaceae;Alien;Non-Established
Chaenomeles_speciosa;Rosaceae;Alien;Naturalised
Chamaecyparis_lawsoniana;Cupressaceae;Alien;Naturalised
Chamaecyparis_obtusa;Cupressaceae;Alien;Non-Established
Chamaedorea_elegans;Arecaceae;Alien;Invasive
Chamaerops_humilis;Arecaceae;Native;
Choisya_ternata;Rutaceae;Alien;Non-Established
Chrysojasminum_fruticans;Oleaceae;Native;
Chrysojasminum_humile;Oleaceae;Alien;Non-Established
Cinnamomum_camphora;Lauraceae;Alien;Non-Established
Cistus_albidus;Cistaceae;Native;
Citrus_maxima;Rutaceae;Alien;Non-Established
Citrus_trifoliata;Rutaceae;Alien;Non-Established
Clerodendrum_chinense;Lamiaceae;Alien;Non-Established
Coprosma_repens;Rubiaceae;Alien;Non-Established
Cordyline_australis;Asparagaceae;Alien;Non-Established
Cordyline_indivisa;Asparagaceae;Alien;Non-Established
Cordyline_rubra;Asparagaceae;Alien;Non-Established
Cormus_domestica;Rosaceae;Native;
Cornus_alba;Cornaceae;Native;
Cornus_florida;Cornaceae;Alien;Non-Established
Cornus_kousa;Cornaceae;Alien;Non-Established
Cornus_sanguinea;Cornaceae;Native;
Coronilla_valentina;Fabaceae;Alien;Non-Established
Corylus_avellana;Betulaceae;Native;
Corylus_colurna;Betulaceae;Alien;Non-Established
Cotinus_coggygria;Anacardiaceae;Alien;Non-Established
Cotoneaster_coriaceus;Rosaceae;Alien;Naturalised
Cotoneaster_horizontalis;Rosaceae;Alien;Non-Established
Cotoneaster_pannosus;Rosaceae;Alien;Non-Established
Cotoneaster_salicifolius;Rosaceae;Alien;Non-Established
Crataegus_azarolus;Rosaceae;Alien;Naturalised
Crataegus_laevigata;Rosaceae;Native;
Crataegus_monogyna;Rosaceae;Native;
Cryptomeria_japonica;Cupressaceae;Alien;Non-Established
Cupressus_cashmeriana;Cupressaceae;Alien;Non-Established
Cupressus_funebris;Cupressaceae;Alien;Non-Established
Cupressus_sempervirens;Cupressaceae;Alien;Naturalised
Cycas_circinalis;Cycadaceae;Alien;Non-Established
Cycas_revoluta;Cycadaceae;Alien;Non-Established
Cydonia_oblonga;Rosaceae;Alien;Naturalised
Cytisus_scoparius;Fabaceae;Alien;Invasive
Dasylirion_acrotrichum;Asparagaceae;Alien;Non-Established
Delairea_odorata;Asteraceae;Alien;Invasive
Deutzia_scabra;Hydrangeaceae;Alien;Non-Established
Dioon_edule;Zamiaceae;Alien;Non-Established
Diosma_hirsuta;Rutaceae;Alien;Non-Established
Diospyros_kaki;Ebenaceae;Alien;Naturalised
Diospyros_lotus;Ebenaceae;Alien;Naturalised
Diospyros_virginiana;Ebenaceae;Alien;Non-Established
Dodonaea_viscosa;Sapindaceae;Alien;Non-Established
Dolichandra_unguis-cati;Bignoniaceae;Alien;Non-Established
Dracaena_draco;Asparagaceae;Alien;Non-Established
Elaeagnus_angustifolia;Elaeagnaceae;Alien;Invasive
Elaeagnus_pungens;Elaeagnaceae;Alien;Non-Established
Erythrina_caffra;Fabaceae;Alien;Non-Established
Erythrina_crista-galli;Fabaceae;Alien;Non-Established
Erythrostemon_gilliesii;Fabaceae;Alien;Naturalised
Escallonia_paniculata;Escalloniaceae;Alien;Non-Established
Escallonia_polifolia;Escalloniaceae;Alien;Non-Established
Escallonia_rubra;Escalloniaceae;Alien;Non-Established
Eucalyptus_camaldulensis;Myrtaceae;Alien;Invasive
Eucalyptus_diversicolor;Myrtaceae;Alien;Non-Established
Eucalyptus_globulus;Myrtaceae;Alien;Invasive
Eucalyptus_gunnii;Myrtaceae;Alien;Naturalised
Eucalyptus_pauciflora;Myrtaceae;Alien;Non-Established
Euonymus_alatus;Celastraceae;Alien;Non-Established
Euonymus_europaeus;Celastraceae;Alien;Non-Established
Euonymus_fortunei;Celastraceae;Alien;Non-Established
Euonymus_japonicus;Celastraceae;Alien;Non-Established
Fagus_sylvatica;Fagaceae;Native;
Fatsia_japonica;Araliaceae;Alien;Non-Established
Feijoa_sellowiana;Myrtaceae;Alien;Non-Established
Ficus_benjamina;Moraceae;Alien;Non-Established
Ficus_carica;Moraceae;Alien;Naturalised
Ficus_elastica;Moraceae;Alien;Non-Established
Ficus_macrophylla;Moraceae;Alien;Non-Established
Firmiana_simplex;Malvaceae;Alien;Non-Established
Fraxinus_americana;Oleaceae;Alien;Non-Established
Fraxinus_angustifolia;Oleaceae;Native;
Fraxinus_excelsior;Oleaceae;Native;
Fraxinus_nigra;Oleaceae;Alien;Non-Established
Fraxinus_ornus;Oleaceae;Native;
Fraxinus_pennsylvanica;Oleaceae;Alien;Non-Established
Gardenia_jasminoides;Rubiaceae;Alien;Non-Established
Ginkgo_biloba;Ginkgoaceae;Alien;Non-Established
Gleditsia_triacanthos;Fabaceae;Alien;Invasive
Grevillea_robusta;Proteaceae;Alien;Naturalised
Gymnosporia_buxifolia;Celastraceae;Alien;Non-Established
Hamamelis_mollis;Hamamelidaceae;Alien;Non-Established
Handroanthus_impetiginosum;Bignoniaceae;Alien;Non-Established
Harpephyllum_afrum;Anacardiaceae;Alien;Non-Established
Hedera_canariensis;Araliaceae;Native;
Hedera_helix;Araliaceae;Native;
Heptapleurum_actinophyllum;Araliaceae;Alien;Non-Established
Hesperocyparis_arizonica;Cupressaceae;Alien;Naturalised
Hesperocyparis_glabra;Cupressaceae;Alien;Naturalised
Hesperocyparis_lusitanica;Cupressaceae;Alien;Naturalised
Hesperocyparis_macrocarpa;Cupressaceae;Alien;Naturalised
Hesperotropsis_leylandii;Cupressaceae;Alien;Non-Established
Hibiscus_rosa-sinensis;Malvaceae;Alien;Naturalised
Hibiscus_syriacus;Malvaceae;Alien;Non-Established
Hippophae_rhamnoides;Elaeagnaceae;Alien;Naturalised
Howea_forsteriana;Arecaceae;Alien;Non-Established
Hydrangea_macrophylla;Hydrangeaceae;Alien;Naturalised
Ilex_aquifolium;Aquifoliaceae;Native;
Ilex_cassine;Aquifoliaceae;Alien;Non-Established
Ilex_cornuta;Aquifoliaceae;Alien;Non-Established
Iochroma_cyaneum;Solanaceae;Alien;Non-Established
Jacaranda_mimosifolia;Bignoniaceae;Alien;Naturalised
Jasminum_azoricum;Oleaceae;Alien;Non-Established
Jasminum_grandiflorum;Oleaceae;Alien;Non-Established
Jasminum_nudiflorum;Oleaceae;Alien;Naturalised
Jasminum_officinale;Oleaceae;Alien;Naturalised
Jubaea_chilensis;Arecaceae;Alien;Non-Established
Juglans_nigra;Juglandaceae;Alien;Naturalised
Juglans_regia;Juglandaceae;Alien;Naturalised
Juniperus_communis;Cupressaceae;Native;
Juniperus_horizontalis;Cupressaceae;Alien;Non-Established
Juniperus_oxycedrus;Cupressaceae;Native;
Juniperus_phoenicea;Cupressaceae;Native;
Juniperus_thurifera;Cupressaceae;Native;
Juniperus_virginiana;Cupressaceae;Alien;Non-Established
Justicia_adhatoda;Acanthaceae;Alien;Non-Established
Justicia_brandegeeana;Acanthaceae;Alien;Non-Established
Justicia_carnea;Acanthaceae;Alien;Non-Established
Justicia_floribunda;Acanthaceae;Alien;Non-Established
Kennedia_rubicunda;Fabaceae;Alien;Non-Established
Kerria_japonica;Rosaceae;Alien;Non-Established
Koelreuteria_paniculata;Sapindaceae;Alien;Naturalised
Kolkwitzia_amabilis;Caprifoliaceae;Alien;Non-Established
Laburnum_anagyroides;Fabaceae;Alien;Naturalised
Lagerstroemia_indica;Lythraceae;Alien;Non-Established
Lagunaria_patersonia;Malvaceae;Alien;Naturalised
Lantana_camara;Verbenaceae;Alien;Invasive
Lantana_montevidensis;Verbenaceae;Alien;Naturalised
Laurus_nobilis;Lauraceae;Native;
Lavandula_angustifolia;Lamiaceae;Native;
Lavandula_dentata;Lamiaceae;Native;
Lavandula_stoechas;Lamiaceae;Native;
Leonotis_leonurus;Lamiaceae;Alien;Non-Established
Ligustrum_japonicum;Oleaceae;Alien;Non-Established
Ligustrum_lucidum;Oleaceae;Alien;Naturalised
Ligustrum_ovalifolium;Oleaceae;Alien;Naturalised
Ligustrum_vulgare;Oleaceae;Alien;Non-Established
Lilium_candidum;Liliaceae;Alien;Naturalised
Liquidambar_styraciflua;Altingiaceae;Alien;Non-Established
Liriodendron_tulipifera;Magnoliaceae;Alien;Non-Established
Livistona_australis;Arecaceae;Alien;Non-Established
Livistona_chinensis;Arecaceae;Alien;Non-Established
Livistona_decora;Arecaceae;Alien;Non-Established
Lonicera_caprifolium;Caprifoliaceae;Native;
Lonicera_fragrantissima;Caprifoliaceae;Alien;Non-Established
Lonicera_japonica;Caprifoliaceae;Alien;Invasive
Lonicera_ligustrina;Caprifoliaceae;Alien;Non-Established
Lonicera_sempervirens;Caprifoliaceae;Alien;Non-Established
Loropetalum_chinense;Hamamelidaceae;Alien;Non-Established
Maclura_pomifera;Moraceae;Alien;Naturalised
Magnolia_grandiflora;Magnoliaceae;Alien;Non-Established
Magnolia_virginiana;Magnoliaceae;Alien;Non-Established
Mahonia_aquifolium;Berberidaceae;Alien;Naturalised
Mahonia_bealei;Berberidaceae;Alien;Non-Established
Malus_domestica;Rosaceae;Alien;Naturalised
Malus_sylvestris;Rosaceae;Alien;Non-Established
Malvaviscus_arboreus;Malvaceae;Alien;Non-Established
Malvaviscus_penduliflorus;Malvaceae;Alien;Non-Established
Melaleuca_citrina;Myrtaceae;Alien;Naturalised
Melaleuca_glauca;Myrtaceae;Alien;Non-Established
Melia_azedarach;Meliaceae;Alien;Naturalised
Melissa_officinalis;Lamiaceae;Alien;Naturalised
Mespilus_germanica;Rosaceae;Alien;Non-Established
Metasequoia_glyptostroboides;Cupressaceae;Alien;Non-Established
Metrosideros_excelsa;Myrtaceae;Alien;Non-Established
Montanoa_bipinnatifida;Asteraceae;Alien;Naturalised
Morus_alba;Moraceae;Alien;Naturalised
Morus_indica;Moraceae;Alien;Non-Established
Morus_nigra;Moraceae;Alien;Naturalised
Muehlenbeckia_complexa;Polygonaceae;Alien;Naturalised
Myoporum_acuminatum;Scrophulariaceae;Alien;Non-Established
Myoporum_tenuifolium;Scrophulariaceae;Alien;Invasive
Myrsine_africana;Primulaceae;Alien;Non-Established
Myrtus_communis;Myrtaceae;Native;
Nandina_domestica;Berberidaceae;Alien;Non-Established
Nannorrhops_ritchiana;Arecaceae;Alien;Non-Established
Nerium_oleander;Apocynaceae;Native;
Nyssa_sylvatica;Nyssaceae;Alien;Non-Established
Olea_europaea;Oleaceae;Native;
Opuntia_ficus-indica;Cactaceae;Alien;Invasive
Osmanthus_fragrans;Oleaceae;Alien;Non-Established
Osmanthus_heterophyllus;Oleaceae;Alien;Non-Established
Ostrya_carpinifolia;Betulaceae;Alien;Non-Established
Ostrya_virginiana;Betulaceae;Alien;Non-Established
Osyris_alba;Santalaceae;Native;
Pachygone_laurifolia;Menispermaceae;Alien;Non-Established
Pachysandra_terminalis;Buxaceae;Alien;Non-Established
Pandanus_utilis;Pandanaceae;Alien;Non-Established
Parajubaea_cocoides;Arecaceae;Alien;Non-Established
Parajubaea_torallyi;Arecaceae;Alien;Non-Established
Parkinsonia_aculeata;Fabaceae;Alien;Invasive
Parrotia_persica;Hamamelidaceae;Alien;Non-Established
Parthenocissus_quinquefolia;Vitaceae;Alien;Naturalised
Parthenocissus_tricuspidata;Vitaceae;Alien;Naturalised
Paulownia_tomentosa;Paulowniaceae;Alien;Naturalised
Peltophorum_dubium;Fabaceae;Alien;Non-Established
Persea_americana;Lauraceae;Alien;Non-Established
Persea_indica;Lauraceae;Alien;Non-Established
Philadelphus_coronarius;Hydrangeaceae;Alien;Naturalised
Phillyrea_angustifolia;Oleaceae;Native;
Phillyrea_latifolia;Oleaceae;Native;
Phoenix_canariensis;Arecaceae;Alien;Non-Established
Phoenix_dactylifera;Arecaceae;Alien;Naturalised
Phoenix_reclinata;Arecaceae;Alien;Non-Established
Phoenix_roebelenii;Arecaceae;Alien;Non-Established
Phoenix_sylvestris;Arecaceae;Alien;Non-Established
Photinia_glabra;Rosaceae;Alien;Non-Established
Photinia_serratifolia;Rosaceae;Alien;Non-Established
Phymosia_umbellata;Malvaceae;Alien;Non-Established
Phytolacca_americana;Phytolaccaceae;Alien;Naturalised
Phytolacca_dioica;Phytolaccaceae;Alien;Naturalised
Picea_abies;Pinaceae;Alien;Naturalised
Picea_glauca;Pinaceae;Alien;Non-Established
Picea_pungens;Pinaceae;Alien;Non-Established
Pinus_canariensis;Pinaceae;Alien;Naturalised
Pinus_halepensis;Pinaceae;Native;
Pinus_nigra;Pinaceae;Native;Non-Established
Pinus_pinaster;Pinaceae;Native;
Pinus_pinea;Pinaceae;Native;
Pinus_ponderosa;Pinaceae;Alien;Naturalised
Pinus_pumila;Pinaceae;Alien;Non-Established
Pinus_radiata;Pinaceae;Alien;Naturalised
Pinus_roxburghii;Pinaceae;Alien;Non-Established
Pinus_strobus;Pinaceae;Alien;Naturalised
Pinus_sylvestris;Pinaceae;Native;
Pinus_uncinata;Pinaceae;Native;
Pistacia_lentiscus;Anacardiaceae;Native;
Pistacia_terebinthus;Anacardiaceae;Native;
Pittosporum_coriaceum;Pittosporaceae;Alien;Non-Established
Pittosporum_crassifolium;Pittosporaceae;Alien;Non-Established
Pittosporum_tenuifolium;Pittosporaceae;Alien;Non-Established
Pittosporum_tobira;Pittosporaceae;Alien;Naturalised
Pittosporum_truncatum;Pittosporaceae;Alien;Non-Established
Platanus_orientalis;Platanaceae;Alien;Non-Established
Platycladus_orientalis;Cupressaceae;Alien;Naturalised
Plumbago_auriculata;Plumbaginaceae;Alien;Non-Established
Podocarpus_macrophyllus;Podocarpaceae;Alien;Non-Established
Podocarpus_neriifolius;Podocarpaceae;Alien;Non-Established
Podranea_ricasoliana;Bignoniaceae;Alien;Non-Established
Polygala_myrtifolia;Polygalaceae;Alien;Non-Established
Populus_alba;Salicaceae;Native;
Populus_deltoides;Salicaceae;Alien;Naturalised
Populus_nigra;Salicaceae;Native;
Populus_simonii;Salicaceae;Alien;Naturalised
Populus_tremula;Salicaceae;Native;
Prunus_americana;Rosaceae;Alien;Non-Established
Prunus_amygdalus;Rosaceae;Alien;Naturalised
Prunus_armeniaca;Rosaceae;Alien;Non-Established
Prunus_avium;Rosaceae;Native;
Prunus_cerasifera;Rosaceae;Alien;Naturalised
Prunus_cerasus;Rosaceae;Alien;Naturalised
Prunus_domestica;Rosaceae;Alien;Naturalised
Prunus_fruticosa;Rosaceae;Alien;Non-Established
Prunus_maacki;Rosaceae;Alien;Non-Established
Prunus_laurocerasus;Rosaceae;Alien;Naturalised
Prunus_lusitanica;Rosaceae;Native;
Prunus_mahaleb;Rosaceae;Native;
Prunus_padus;Rosaceae;Native;
Prunus_persica;Rosaceae;Alien;Naturalised
Prunus_serrulata;Rosaceae;Alien;Non-Established
Prunus_triloba;Rosaceae;Alien;Naturalised
Pseudotsuga_menziesii;Pinaceae;Alien;Naturalised
Pterocarya_fraxinifolia;Juglandaceae;Alien;Non-Established
Punica_granatum;Lythraceae;Alien;Naturalised
Pyracantha_angustifolia;Rosaceae;Alien;Naturalised
Pyracantha_coccinea;Rosaceae;Alien;Non-Established
Pyracantha_fortuneana;Rosaceae;Alien;Non-Established
Pyrus_calleryana;Rosaceae;Alien;Non-Established
Pyrus_communis;Rosaceae;Alien;Naturalised
Quercus_cerris;Fagaceae;Alien;Naturalised
Quercus_coccifera;Fagaceae;Native;
Quercus_faginea;Fagaceae;Native;
Quercus_ilex;Fagaceae;Native;
Quercus_palustris;Fagaceae;Alien;Non-Established
Quercus_petraea;Fagaceae;Native;
Quercus_phellos;Fagaceae;Alien;Non-Established
Quercus_polymorpha;Fagaceae;Alien;Non-Established
Quercus_pubescens;Fagaceae;Native;
Quercus_pyrenaica;Fagaceae;Native;
Quercus_robur;Fagaceae;Native;
Quercus_rotundifolia;Fagaceae;Native;
Quercus_rubra;Fagaceae;Alien;Naturalised
Quercus_suber;Fagaceae;Native;
Retama_sphaerocarpa;Fabaceae;Native;
Rhamnus_alaternus;Rhamnaceae;Native;
Rhaphiolepis_bibas;Rosaceae;Alien;Invasive
Rhaphiolepis_indica;Rosaceae;Alien;Non-Established
Rhapis_excelsa;Arecaceae;Alien;Non-Established
Rhapis_humilis;Arecaceae;Alien;Non-Established
Rhododendron_indicum;Ericaceae;Alien;Non-Established
Rhododendron_ponticum;Ericaceae;Native;
Rhus_typhina;Anacardiaceae;Alien;Naturalised
Ribes_sanguineum;Grossulariaceae;Alien;Non-Established
Ricinus_communis;Euphorbiaceae;Alien;Invasive
Robinia_hispida;Fabaceae;Alien;Naturalised
Robinia_pseudoacacia;Fabaceae;Alien;Invasive
Roldana_petasitis;Asteraceae;Alien;Non-Established
Rosa_banksiae;Rosaceae;Alien;Non-Established
Roystonea_regia;Arecaceae;Alien;Non-Established
Rubus_idaeus;Rosaceae;Native;
Rumex_lunaria;Polygonaceae;Native;
Ruscus_aculeatus;Asparagaceae;Native;
Ruscus_hypophyllum;Asparagaceae;Native;
Russelia_equisetiformis;Plantaginaceae;Alien;Non-Established
Sabal_bermudana;Arecaceae;Alien;Non-Established
Sabal_mexicana;Arecaceae;Alien;Non-Established
Sabal_minor;Arecaceae;Alien;Non-Established
Sabal_palmetto;Arecaceae;Alien;Non-Established
Salix_alba;Salicaceae;Native;
Salix_atrocinerea;Salicaceae;Native;
Salix_babylonica;Salicaceae;Alien;Naturalised
Salix_caprea;Salicaceae;Native;
Salix_daphnoides;Salicaceae;Alien;Non-Established
Salix_fragilis;Salicaceae;Alien;Non-Established
Salix_matsudana;Salicaceae;Alien;Non-Established
Salix_nigra;Salicaceae;Alien;Non-Established
Salix_tarraconensis;Salicaceae;Native;
Salix_viminalis;Salicaceae;Alien;Non-Established
Salvia_microphylla;Lamiaceae;Alien;Non-Established
Salvia_rosmarinus;Lamiaceae;Native;
Sambucus_nigra;Adoxaceae;Native;
Santolina_chamaecyparissus;Asteraceae;Native;
Schinus_areira;Anacardiaceae;Alien;Non-Established
Schinus_molle;Anacardiaceae;Alien;Invasive
Schinus_polygama;Anacardiaceae;Alien;Non-Established
Schinus_terebinthifolia;Anacardiaceae;Alien;Non-Established
Sequoia_sempervirens;Cupressaceae;Alien;Non-Established
Sequoiadendron_giganteum;Cupressaceae;Alien;Naturalised
Serenoa_repens;Arecaceae;Alien;Non-Established
Sorbus_aucuparia;Rosaceae;Native;
Sparrmannia_africana;Malvaceae;Alien;Non-Established
Spartium_junceum;Fabaceae;Native;Non-Established
Spiraea_cantoniensis;Rosaceae;Alien;Naturalised
Spiraea_hypericifolia;Rosaceae;Native;
Stranvaesia_nussia;Rosaceae;Alien;Non-Established
Styphnolobium_japonicum;Fabaceae;Alien;Non-Established
Syagrus_coronata;Arecaceae;Alien;Non-Established
Syagrus_romanzoffiana;Arecaceae;Alien;Non-Established
Symphoricarpos_orbiculatus;Caprifoliaceae;Alien;Non-Established
Syringa_komarowii;Oleaceae;Alien;Non-Established
Syringa_persica;Oleaceae;Alien;Non-Established
Syringa_vulgaris;Oleaceae;Alien;Naturalised
Syzygium_australe;Myrtaceae;Alien;Non-Established
Syzygium_paniculatum;Myrtaceae;Alien;Non-Established
Tamarindus_indica;Fabaceae;Alien;Non-Established
Tamarix_africana;Tamaricaceae;Native;
Tamarix_canariensis;Tamaricaceae;Native;
Tamarix_gallica;Tamaricaceae;Native;
Tamarix_parviflora;Tamaricaceae;Alien;Non-Established
Tamarix_tetrandra;Tamaricaceae;Alien;Non-Established
Taxodium_distichum;Cupressaceae;Alien;Non-Established
Taxodium_mucronatum;Cupressaceae;Alien;Non-Established
Taxus_baccata;Taxaceae;Native;
Tecoma_stans;Bignoniaceae;Alien;Naturalised
Tecomaria_capensis;Bignoniaceae;Alien;Non-Established
Tetraclinis_articulata;Cupressaceae;Native;
Teucrium_chamaedrys;Lamiaceae;Native;
Teucrium_fruticans;Lamiaceae;Native;
Thuja_occidentalis;Cupressaceae;Alien;Non-Established
Thuja_plicata;Cupressaceae;Alien;Non-Established
Thunbergia_grandiflora;Acanthaceae;Alien;Non-Established
Thymus_vulgaris;Lamiaceae;Native;
Tilia_americana;Malvaceae;Alien;Non-Established
Tilia_cordata;Malvaceae;Native;
Tilia_platyphyllos;Malvaceae;Native;
Tilia_tomentosa;Malvaceae;Alien;Non-Established
Tipuana_tipu;Fabaceae;Alien;Naturalised
Torminalis_glaberrima;Rosaceae;Alien;Non-Established
Trachelium_caeruleum;Campanulaceae;Native;
Trachelospermum_jasminoides;Apocynaceae;Alien;Non-Established
Trachycarpus_fortunei;Arecaceae;Alien;Naturalised
Trithrinax_campestris;Arecaceae;Alien;Non-Established
Tsuga_canadensis;Pinaceae;Alien;Non-Established
Ulex_parviflorus;Fabaceae;Native;
Ulmus_americana;Ulmaceae;Alien;Non-Established
Ulmus_glabra;Ulmaceae;Alien;Non-Established
Ulmus_minor;Ulmaceae;Native;
Ulmus_pumila;Ulmaceae;Alien;Naturalised
Veronica_salicifolia;Plantaginaceae;Alien;Non-Established
Vesalea_floribunda;Caprifoliaceae;Alien;Non-Established
Viburnum_lantana;Adoxaceae;Native;
Viburnum_odoratissimum;Adoxaceae;Native;
Viburnum_opulus;Adoxaceae;Native;
Viburnum_rhytidophyllum;Adoxaceae;Alien;Non-Established
Viburnum_suspensum;Adoxaceae;Alien;Non-Established
Viburnum_tinus;Adoxaceae;Native;
Vinca_major;Apocynaceae;Alien;Naturalised
Vinca_minor;Apocynaceae;Native;
Vitex_agnus-castus;Lamiaceae;Native;
Vitis_vinifera;Vitaceae;Native;Naturalised
Washingtonia_filifera;Arecaceae;Alien;Naturalised
Weigela_florida;Caprifoliaceae;Alien;Non-Established
Wisteria_floribunda;Fabaceae;Alien;Naturalised
Wisteria_sinensis;Fabaceae;Alien;Naturalised
Yucca_aloifolia;Asparagaceae;Alien;Naturalised
Yucca_gigantea;Asparagaceae;Alien;Non-Established
Yucca_gloriosa;Asparagaceae;Alien;Naturalised
Zelkova_carpinifolia;Ulmaceae;Alien;Non-Established
Zelkova_serrata;Ulmaceae;Alien;Non-Established
Ziziphus_jujuba;Rhamnaceae;Alien;Naturalised
